id,id2,distritos,validos,CDU_CSU,SPD,AfD,FDP,LINKE,GRÜNE,OTROS,CDU_CSU_porc,SPD_porc,AfD_porc,FDP_porc,LINKE_porc,GRÜNE_porc,OTROS_porc,primero,primer.partido,segundo,segundo.partido
1,1,Flensburg - Schleswig,160526,68235,59718,0,3039,7436,12491,9607,42.507132800916985,37.20145023236111,0,1.893151265215604,4.632271407747032,7.7812939959881895,5.984700297771077,CDU_CSU,42.507132800916985,SPD,37.20145023236111
2,1,Nordfriesland - Dithmarschen Nord,129879,64678,41714,0,3172,4653,8465,7197,49.79865875160726,32.11758636885101,0,2.442273192740936,3.5825653107892728,6.51760484758891,5.541311528422608,CDU_CSU,49.79865875160726,SPD,32.11758636885101
3,1,Steinburg - Dithmarschen Süd,124886,56669,42476,0,6324,4909,6386,8122,45.37658344410102,34.0118187787262,0,5.063818202200407,3.9307848758067356,5.113463478692568,6.5035312204730715,CDU_CSU,45.37658344410102,SPD,34.0118187787262
4,1,Rendsburg-Eckernförde,147840,66775,54397,0,2754,4902,10306,8706,45.16707251082251,36.79450757575757,0,1.8628246753246753,3.3157467532467533,6.971049783549783,5.888798701298701,CDU_CSU,45.16707251082251,SPD,36.79450757575757
5,1,Kiel,144778,47925,62271,0,3069,7622,14435,9456,33.1024050615425,43.011369130669024,0,2.119797206757933,5.2646120266891385,9.970437497409828,6.531379076931578,SPD,43.011369130669024,CDU_CSU,33.1024050615425
6,1,Plön - Neumünster,125412,54833,47085,0,2322,4708,7979,8485,43.72229132778362,37.54425413835997,0,1.8514974643574778,3.754026727904826,6.362230089624597,6.765700251969509,CDU_CSU,43.72229132778362,SPD,37.54425413835997
7,1,Pinneberg,177352,80483,64006,0,3303,6985,11324,11251,45.38037349451937,36.089810095177945,0,1.8623979430736615,3.938495195994406,6.385042176011548,6.34388109522306,CDU_CSU,45.38037349451937,SPD,36.089810095177945
8,1,Segeberg - Stormarn-Mitte,181515,82471,63998,0,3722,7003,11141,13180,45.434812549927,35.25769220174641,0,2.050519240834091,3.858083353992783,6.137784756080765,7.261107897418946,CDU_CSU,45.434812549927,SPD,35.25769220174641
9,1,Ostholstein - Stormarn-Nord,130388,59783,48349,0,2962,4469,7145,7680,45.8500782280578,37.08086633739301,0,2.2716814430775836,3.427462649937111,5.479798754486609,5.890112587047888,CDU_CSU,45.8500782280578,SPD,37.08086633739301
10,1,Herzogtum Lauenburg - Stormarn-Süd,181274,81954,62749,0,3901,6834,12774,13062,45.21001357061686,34.615554354182066,0,2.151990908790008,3.769983560797467,7.0467910455994796,7.205666560014122,CDU_CSU,45.21001357061686,SPD,34.615554354182066
11,1,Lübeck,123148,44896,50119,0,2958,6662,9475,9038,36.45694611361939,40.698184298567575,0,2.4019878520154614,5.409750868873226,7.69399421833891,7.339136648585443,SPD,40.698184298567575,CDU_CSU,36.45694611361939
18,2,Hamburg-Mitte,166020,46753,64997,0,2878,15693,19943,15756,28.161064931935915,39.15010239730153,0,1.7335260811950366,9.452475605348754,12.012408143597158,9.490422840621612,SPD,39.15010239730153,CDU_CSU,28.161064931935915
19,2,Hamburg-Altona,134403,43609,46918,0,2627,13759,18380,9110,32.44644836796798,34.908446984070295,0,1.954569466455362,10.237122683273439,13.67528998608662,6.7781225121463065,SPD,34.908446984070295,CDU_CSU,32.44644836796798
20,2,Hamburg-Eimsbüttel,141438,47112,53105,0,3264,9728,18399,9830,33.309294531879694,37.54648679986991,0,2.3077249395494848,6.877925310029837,13.008526704280321,6.950041714390758,SPD,37.54648679986991,CDU_CSU,33.309294531879694
21,2,Hamburg-Nord,162284,64459,56421,0,3921,7626,19343,10514,39.71987380148382,34.766828522836505,0,2.4161346774789876,4.6991693574227895,11.919228020014296,6.478765620763599,CDU_CSU,39.71987380148382,SPD,34.766828522836505
22,2,Hamburg-Wandsbek,145193,54002,58029,0,2783,9594,9320,11465,37.19325311826328,39.966802807297874,0,1.9167590724070718,6.607756572286543,6.41904224032839,7.8963861894168454,SPD,39.966802807297874,CDU_CSU,37.19325311826328
23,2,Hamburg-Bergedorf - Harburg,140615,50044,56867,0,2234,10595,9088,11787,35.58937524446183,40.4416314048999,0,1.588735198947481,7.534758027237492,6.46303737154642,8.382462752906873,SPD,40.4416314048999,CDU_CSU,35.58937524446183
24,3,Aurich - Emden,132039,42737,66348,0,2085,6373,12627,1869,32.366952188368586,50.2487901301888,0,1.5790789085043055,4.826604260862321,9.563083634380751,1.4154908776952264,SPD,50.2487901301888,CDU_CSU,32.366952188368586
25,3,Unterems,164863,90236,51409,0,4288,6426,8441,4063,54.73393059691987,31.182860920885823,0,2.600947453340046,3.8977817945809554,5.12000873452503,2.464470499748276,CDU_CSU,54.73393059691987,SPD,31.182860920885823
26,3,Friesland - Wilhelmshaven - Wittmund,131793,52275,58178,0,3024,6736,7362,4218,39.6644738339669,44.143467407221934,0,2.2945072955316292,5.111045351422306,5.586032642097835,3.2004734697593955,SPD,44.143467407221934,CDU_CSU,39.6644738339669
27,3,Oldenburg - Ammerland,161795,59525,60547,0,3966,8794,18552,10411,36.790382891931145,37.42204641676195,0,2.451250038629129,5.4352730306869805,11.46636175407151,6.43468586791928,SPD,37.42204641676195,CDU_CSU,36.790382891931145
28,3,Delmenhorst - Wesermarsch - Oldenburg-Land,160639,63832,63256,0,5263,7273,9784,11231,39.73630313933727,39.37773517016416,0,3.2762903155522634,4.527543124645946,6.090675365259993,6.99145288504037,CDU_CSU,39.73630313933727,SPD,39.37773517016416
29,3,Cuxhaven - Stade II,135661,63431,49395,0,1872,4904,8326,7733,46.75698984969888,36.41061174545374,0,1.3799102173800872,3.614893005358946,6.137357088625324,5.70023809348302,CDU_CSU,46.75698984969888,SPD,36.41061174545374
30,3,Stade I - Rotenburg II,143970,68545,49111,0,2505,4878,9099,9832,47.610613322219905,34.11196777106342,0,1.7399458220462596,3.3882058762242138,6.320066680558449,6.829200527887755,CDU_CSU,47.610613322219905,SPD,34.11196777106342
31,3,Mittelems,168873,99705,48903,0,2673,4543,8393,4656,59.04140981684461,28.958448064521857,0,1.5828462809330086,2.690187300515772,4.970007046715579,2.7571014904691693,CDU_CSU,59.04140981684461,SPD,28.958448064521857
32,3,Cloppenburg - Vechta,152353,101015,32422,0,2812,3821,5702,6581,66.303256253569,21.280841204308416,0,1.8457135730835623,2.507991309655865,3.7426240375968964,4.319573621786247,CDU_CSU,66.303256253569,SPD,21.280841204308416
33,3,Diepholz - Nienburg I,140854,66862,47067,0,2797,4933,10651,8544,47.469010464736535,33.41545146037741,0,1.9857441038238177,3.5022079600153346,7.561730586280829,6.06585542476607,CDU_CSU,47.469010464736535,SPD,33.41545146037741
34,3,Osterholz - Verden,143421,63174,53660,0,1359,7195,9729,8304,44.04794276988726,37.41432565663327,0,0.9475599807559563,5.016699088696913,6.783525425146945,5.789947078879662,CDU_CSU,44.04794276988726,SPD,37.41432565663327
35,3,Rotenburg I - Heidekreis,121506,54448,49301,0,2097,4758,6026,4876,44.81095583757181,40.57495103122479,0,1.7258406992247295,3.91585600711076,4.959425871973401,4.012970552894507,CDU_CSU,44.81095583757181,SPD,40.57495103122479
36,3,Harburg,151403,68458,47908,0,5110,5472,10754,13701,45.21574869718566,31.64270192796708,0,3.3750982477229643,3.6141952273072526,7.102897564777448,9.049358335039596,CDU_CSU,45.21574869718566,SPD,31.64270192796708
37,3,Lüchow-Dannenberg - Lüneburg,132199,52644,44491,0,2112,7784,15918,9250,39.821783825898834,33.65456622213481,0,1.5975915097693627,5.88809295077875,12.040938282437839,6.997027208980401,CDU_CSU,39.821783825898834,SPD,33.65456622213481
38,3,Osnabrück-Land,143463,76179,46365,0,2546,5162,8330,4881,53.10010246544405,32.318437506534785,0,1.7746736092232842,3.5981402870426518,5.806375162933996,3.402270968821229,CDU_CSU,53.10010246544405,SPD,32.318437506534785
39,3,Stadt Osnabrück,140921,64416,49059,0,3934,5840,12568,5104,45.71071735227539,34.81312224579729,0,2.7916350295555667,4.144165880173998,8.918472051716918,3.6218874404808368,CDU_CSU,45.71071735227539,SPD,34.81312224579729
40,3,Nienburg II - Schaumburg,140309,58349,62641,0,1950,4649,8173,4547,41.5860707438582,44.645033461859185,0,1.389789678495321,3.3134011360639732,5.825000534534492,3.2407044451888334,SPD,44.645033461859185,CDU_CSU,41.5860707438582
41,3,Stadt Hannover I,127979,46650,55711,0,1889,6435,9876,7418,36.45129279022339,43.53136061385071,0,1.4760234100907181,5.028168683924707,7.7168910524382905,5.796263449472179,SPD,43.53136061385071,CDU_CSU,36.45129279022339
42,3,Stadt Hannover II,139344,47180,59686,0,2050,8657,14229,7542,33.85865196922724,42.83356298082444,0,1.4711792398668044,6.212682282696061,10.211419221495005,5.412504305890458,SPD,42.83356298082444,CDU_CSU,33.85865196922724
43,3,Hannover-Land I,175013,77509,67440,0,4504,6220,8735,10605,44.28756720929302,38.534280310605496,0,2.5735231097118496,3.5540217012450506,4.991057807134327,6.059549862010251,CDU_CSU,44.28756720929302,SPD,38.534280310605496
44,3,Celle - Uelzen,155496,75369,53237,0,2091,5655,9563,9581,48.47005710757833,34.23689355353192,0,1.3447291248649482,3.6367494983793796,6.149997427586562,6.1615732880588565,CDU_CSU,48.47005710757833,SPD,34.23689355353192
45,3,Gifhorn - Peine,160153,67368,69259,0,2266,6810,7666,6784,42.06477555837231,43.245521470094225,0,1.414897004739218,4.252183849194209,4.78667274418837,4.2359493734116755,SPD,43.245521470094225,CDU_CSU,42.06477555837231
46,3,Hameln-Pyrmont - Holzminden,135764,53726,57484,0,2496,6308,8202,7548,39.57308270233641,42.34112135765004,0,1.8384844288618485,4.646297987684511,6.041365899649391,5.559647623817802,SPD,42.34112135765004,CDU_CSU,39.57308270233641
47,3,Hannover-Land II,180896,75761,78433,0,2567,7350,9422,7363,41.880970281266585,43.35806209092517,0,1.4190474084556872,4.063108084203078,5.20851760127366,4.070294533875818,SPD,43.35806209092517,CDU_CSU,41.880970281266585
48,3,Hildesheim,162345,68653,66986,0,2489,7909,13771,2537,42.288336567187166,41.26151097970372,0,1.5331547014074964,4.871723798084327,8.482552588622994,1.5627213649943024,CDU_CSU,42.288336567187166,SPD,41.26151097970372
49,3,Salzgitter - Wolfenbüttel,150391,55720,70080,0,1582,6524,6630,9855,37.050089433543235,46.59853315690434,0,1.051924649746328,4.338025546741494,4.40850848787494,6.552918725189673,SPD,46.59853315690434,CDU_CSU,37.050089433543235
50,3,Braunschweig,142103,49710,61952,0,3243,7119,10117,9962,34.981668226568054,43.59654616721674,0,2.282147456422454,5.009746451517561,7.119483754741279,7.010407943533916,SPD,43.59654616721674,CDU_CSU,34.981668226568054
51,3,Helmstedt - Wolfsburg,131342,58760,50826,0,1839,5731,6666,7520,44.73816448660749,38.69744636140762,0,1.4001614106683316,4.363417642490597,5.0752995995188135,5.725510499307152,CDU_CSU,44.73816448660749,SPD,38.69744636140762
52,3,Goslar - Northeim - Osterode,146830,61723,62209,0,2249,6805,7833,6011,42.037049649254236,42.36804467751822,0,1.5317033303820746,4.634611455424641,5.334740856773139,4.093850030647688,SPD,42.36804467751822,CDU_CSU,42.037049649254236
53,3,Göttingen,163840,62558,66192,0,2633,8581,16740,7136,38.182373046875,40.400390625,0,1.6070556640625,5.2374267578125,10.21728515625,4.35546875,SPD,40.400390625,CDU_CSU,38.182373046875
54,4,Bremen I,182384,55198,69161,0,4171,15186,25342,13326,30.264716203175716,37.920541275550484,0,2.286933064303886,8.326388279673655,13.894859198175277,7.306561979120975,SPD,37.920541275550484,CDU_CSU,30.264716203175716
55,4,Bremen II - Bremerhaven,146427,42067,64276,0,2189,13335,12325,12235,28.728991237954748,43.89627596003469,0,1.4949428725576566,9.106927001167819,8.417163501266844,8.35569942701824,SPD,43.89627596003469,CDU_CSU,28.728991237954748
87,5,Aachen I,132971,54175,46907,0,2883,8225,11931,8850,40.74196629340232,35.27611283663355,0,2.1681419256830434,6.185559257281663,8.972633130532222,6.6555865564672,CDU_CSU,40.74196629340232,SPD,35.27611283663355
88,5,Aachen II,161549,73621,57635,0,3827,9418,9096,7952,45.571931735881996,35.67648205807526,0,2.3689406929167003,5.829810150480659,5.630489820426001,4.9223455422193885,CDU_CSU,45.571931735881996,SPD,35.67648205807526
89,5,Heinsberg,132316,70649,37444,0,2921,5720,7511,8071,53.39414734423652,28.29892076544031,0,2.207593941775749,4.322984370748814,5.676562169352157,6.099791408446446,CDU_CSU,53.39414734423652,SPD,28.29892076544031
90,5,Düren,142776,71903,48849,0,2722,7288,6951,5063,50.360704880372055,34.21373340057152,0,1.9064828822771334,5.104499355634,4.868465288283745,3.5461141928615456,CDU_CSU,50.360704880372055,SPD,34.21373340057152
91,5,Rhein-Erft-Kreis I,176775,83598,63676,0,5390,7820,9822,6469,47.29062367416207,36.02093056144817,0,3.049073681233206,4.423702446612926,5.556215528213832,3.6594541083297982,CDU_CSU,47.29062367416207,SPD,36.02093056144817
92,5,Euskirchen - Rhein-Erft-Kreis II,174278,88759,53703,0,6101,8166,10066,7483,50.929549340708526,30.814560644487543,0,3.5007287207794446,4.685617232238148,5.775829421958021,4.29371463982832,CDU_CSU,50.929549340708526,SPD,30.814560644487543
93,5,Köln I,131392,48232,48632,0,3243,8583,13513,9189,36.70847540185095,37.01290793960059,0,2.468186799805163,6.532361178762786,10.284492206527034,6.9935764734534835,SPD,37.01290793960059,CDU_CSU,36.70847540185095
94,5,Köln II,182684,73011,59975,0,4762,9521,26426,8989,39.96573317860349,32.82991394977119,0,2.6066869567121365,5.211731733485143,14.465415690481926,4.920518490946114,CDU_CSU,39.96573317860349,SPD,32.82991394977119
95,5,Köln III,139949,45999,55021,0,3158,10883,18046,6842,32.868402060750704,39.31503619175557,0,2.2565363096556603,7.776404261552422,12.894697354036113,4.8889238222495335,SPD,39.31503619175557,CDU_CSU,32.868402060750704
96,5,Bonn,172871,64778,65955,0,10416,7523,14797,9402,37.471872089592814,38.15272659960317,0,6.025302103880929,4.351799897033048,8.559561754140372,5.438737555749664,SPD,38.15272659960317,CDU_CSU,37.471872089592814
97,5,Rhein-Sieg-Kreis I,170402,84556,50271,0,4172,7946,10895,12562,49.62148331592352,29.50141430264903,0,2.448328071266769,4.663090808793324,6.393704299245314,7.3719792021220405,CDU_CSU,49.62148331592352,SPD,29.50141430264903
98,5,Rhein-Sieg-Kreis II,162445,85058,44098,0,5058,5445,11732,11054,52.361106836159934,27.146418787897442,0,3.1136692418972576,3.3519037212595033,7.222136723198622,6.804764689587245,CDU_CSU,52.361106836159934,SPD,27.146418787897442
99,5,Oberbergischer Kreis,148916,77800,44773,0,3226,6373,7675,9069,52.24421821698139,30.065943216309865,0,2.166321953315963,4.279593864997717,5.153912272690644,6.090010475704424,CDU_CSU,52.24421821698139,SPD,30.065943216309865
100,5,Rheinisch-Bergischer Kreis,167604,98017,41894,0,2937,6884,11472,6400,58.481301162263435,24.995823488699553,0,1.7523448127729646,4.1073005417531805,6.844705376959976,3.818524617550894,CDU_CSU,58.481301162263435,SPD,24.995823488699553
101,5,Leverkusen - Köln IV,147944,58201,61172,0,3447,8554,10589,5981,39.33988536202887,41.34807765100309,0,2.3299356513275296,5.781917482290597,7.157437949494404,4.042745903855513,SPD,41.34807765100309,CDU_CSU,39.33988536202887
102,5,Wuppertal I,143405,52427,58407,0,4314,10992,10198,7067,36.5586973954883,40.72870541473449,0,3.008263310205362,7.665004706948851,7.111328056901782,4.928001115721209,SPD,40.72870541473449,CDU_CSU,36.5586973954883
103,5,Solingen - Remscheid - Wuppertal II,158572,70269,52931,0,4170,9222,11334,10646,44.313624095048304,33.37978962237974,0,2.629720253260349,5.815654718361375,7.147541810660142,6.713669500290089,CDU_CSU,44.313624095048304,SPD,33.37978962237974
104,5,Mettmann I,152673,75628,52832,0,2964,5697,7735,7817,49.5359362821193,34.60467797187453,0,1.941404177555953,3.731504588237606,5.066383708972772,5.120093271239839,CDU_CSU,49.5359362821193,SPD,34.60467797187453
105,5,Mettmann II,121379,55307,45091,0,2920,5166,5987,6908,45.56554263917152,37.14893021033293,0,2.4056879690885573,4.256090427503934,4.932484202374381,5.6912645515286835,CDU_CSU,45.56554263917152,SPD,37.14893021033293
106,5,Düsseldorf I,163393,78206,47731,0,5825,8657,13427,9547,47.86373957268671,29.212389759659224,0,3.5650242054433177,5.298268591677735,8.217610301542907,5.842967568990104,CDU_CSU,47.86373957268671,SPD,29.212389759659224
107,5,Düsseldorf II,137407,55990,48065,0,3980,12538,10315,6519,40.74756016796815,34.980022851819776,0,2.8965045448921813,9.1247170813714,7.5068955730057425,4.744299780942747,CDU_CSU,40.74756016796815,SPD,34.980022851819776
108,5,Neuss I,152566,78712,46619,0,3507,5983,7226,10519,51.59209784617804,30.55661156483096,0,2.2986772937613886,3.9215814794908432,4.736310842520615,6.894720973218147,CDU_CSU,51.59209784617804,SPD,30.55661156483096
109,5,Mönchengladbach,125606,63843,36665,0,2847,7827,7638,6786,50.827985924239286,29.190484530993743,0,2.266611467605051,6.23139022021241,6.080919701288155,5.402608155661354,CDU_CSU,50.827985924239286,SPD,29.190484530993743
110,5,Krefeld I - Neuss II,149141,73201,46148,0,5447,6165,8693,9487,49.08174143930911,30.942530893583925,0,3.652248543324773,4.1336721625844,5.828712426495732,6.361094534702061,CDU_CSU,49.08174143930911,SPD,30.942530893583925
111,5,Viersen,165604,87764,47198,0,3857,7998,8880,9907,52.99630443709089,28.500519311127753,0,2.3290500229463054,4.829593488079998,5.362189319098572,5.9823434216564815,CDU_CSU,52.99630443709089,SPD,28.500519311127753
112,5,Kleve,159490,81216,52778,0,5003,0,9220,0,50.92231487867578,33.09172988902125,0,3.1368737851902937,0,5.780926703868581,0,CDU_CSU,50.92231487867578,SPD,33.09172988902125
113,5,Wesel I,152245,66172,59709,0,2781,7527,7489,8567,43.46415317416007,39.2190219711649,0,1.8266609740878188,4.94400472921935,4.919044960425629,5.6271141909422315,CDU_CSU,43.46415317416007,SPD,39.2190219711649
114,5,Krefeld II - Wesel II,129237,51835,53578,0,3245,6994,6888,6697,40.108482864814256,41.457167838931575,0,2.510890843953357,5.411762885241843,5.329743030246756,5.181952536812213,SPD,41.457167838931575,CDU_CSU,40.108482864814256
115,5,Duisburg I,119654,38477,55779,0,1955,8802,6107,8534,32.15688568706437,46.616912096545036,0,1.6338776806458621,7.356210406672573,5.103882862252829,7.132231266819329,SPD,46.616912096545036,CDU_CSU,32.15688568706437
116,5,Duisburg II,103619,30654,44759,0,1680,8920,5371,12235,29.583377565890423,43.195745953927364,0,1.6213242745056409,8.608459838446617,5.183412308553451,11.807680058676498,SPD,43.195745953927364,CDU_CSU,29.583377565890423
117,5,Oberhausen - Wesel III,145210,46889,65442,0,2415,10627,11396,8441,32.2904758625439,45.06714413607879,0,1.6631086013359961,7.318366503684319,7.847944356449281,5.81296053990772,SPD,45.06714413607879,CDU_CSU,32.2904758625439
118,5,Mülheim - Essen I,139165,49487,58741,0,3412,7664,8824,11037,35.55994682571048,42.20960730068624,0,2.451765889411849,5.507131821937987,6.340674738619624,7.930873423633816,SPD,42.20960730068624,CDU_CSU,35.55994682571048
119,5,Essen II,106985,33243,51677,0,1721,7752,5382,7210,31.072580268261905,48.30303313548628,0,1.608636724774501,7.245875590035987,5.03061176800486,6.739262513436463,SPD,48.30303313548628,CDU_CSU,31.072580268261905
120,5,Essen III,149489,59101,59008,0,3007,7341,11576,9456,39.53535042712173,39.47313849179538,0,2.011519242218491,4.910729217534401,7.743713584277104,6.325549037052894,CDU_CSU,39.53535042712173,SPD,39.47313849179538
121,5,Recklinghausen I,120545,41383,54504,0,2426,7410,6178,8644,34.32991828777635,45.2146501306566,0,2.0125264424074,6.147082002571653,5.1250570326434115,7.170766103944586,SPD,45.2146501306566,CDU_CSU,34.32991828777635
122,5,Recklinghausen II,135205,49404,61748,0,2122,7529,6733,7669,36.540068784438446,45.66990865722422,0,1.5694685847416887,5.568581043600459,4.979845419917902,5.672127510077289,SPD,45.66990865722422,CDU_CSU,36.540068784438446
123,5,Gelsenkirchen,116844,33460,58967,0,1933,7112,4270,11102,28.636472561706206,50.46643387764883,0,1.6543425421930096,6.086748142822909,3.65444524323029,9.501557632398754,SPD,50.46643387764883,CDU_CSU,28.636472561706206
124,5,Steinfurt I - Borken I,145847,75853,46459,0,4075,5484,7458,6518,52.008611764383225,31.85461476753036,0,2.7940238743340626,3.7601047673246626,5.113577927554218,4.469066898873477,CDU_CSU,52.008611764383225,SPD,31.85461476753036
125,5,Bottrop - Recklinghausen III,146171,53354,66913,0,2372,7827,5277,10428,36.501084346416185,45.77720614896252,0,1.622756908005008,5.354687318277907,3.6101552291494206,7.134110049188963,SPD,45.77720614896252,CDU_CSU,36.501084346416185
126,5,Borken II,149986,86028,40643,0,3389,4513,9548,5865,57.357353352979615,27.0978624671636,0,2.2595442241275854,3.0089475017668317,6.365927486565413,3.910364967396957,CDU_CSU,57.357353352979615,SPD,27.0978624671636
127,5,Coesfeld - Steinfurt II,148381,83175,39724,0,3826,4929,10346,6381,56.05502052149534,26.771621703587385,0,2.578497246952103,3.3218538761701297,6.972590830362378,4.300415821432663,CDU_CSU,56.05502052149534,SPD,26.771621703587385
128,5,Steinfurt III,144714,69385,52786,0,2603,5533,8464,5943,47.946294069682274,36.476083861962216,0,1.7987202343933553,3.8234034025733514,5.848777588899484,4.106720842489324,CDU_CSU,47.946294069682274,SPD,36.476083861962216
129,5,Münster,178566,69352,63296,0,10222,7620,19767,8309,38.8383006843408,35.44683758386255,0,5.724494024618348,4.267329726823696,11.069856523638318,4.653181456716284,CDU_CSU,38.8383006843408,SPD,35.44683758386255
130,5,Warendorf,156401,80272,50056,0,3533,5488,9300,7752,51.32448002250625,32.004910454536734,0,2.2589369633186487,3.5089289710423848,5.946253540578385,4.956490048017596,CDU_CSU,51.32448002250625,SPD,32.004910454536734
131,5,Gütersloh I,166903,83869,56031,0,3146,7133,9069,7655,50.25014529397315,33.57099632720802,0,1.8849271732683053,4.273739836911259,5.433695020460987,4.586496348178283,CDU_CSU,50.25014529397315,SPD,33.57099632720802
132,5,Bielefeld - Gütersloh II,177149,66021,67464,0,3523,12153,19026,8962,37.26862697503231,38.08319550209146,0,1.9887213588561041,6.860326617705999,10.74011143161971,5.05901811469441,SPD,38.08319550209146,CDU_CSU,37.26862697503231
133,5,Herford - Minden-Lübbecke II,161333,65873,66637,0,5651,8706,8209,6257,40.83045626127327,41.304010958700324,0,3.502693187382618,5.396292141099465,5.088233653375316,3.8783137981690046,SPD,41.304010958700324,CDU_CSU,40.83045626127327
134,5,Minden-Lübbecke I,143524,66385,58186,0,2738,5943,5923,4349,46.25358825004877,40.54095482288677,0,1.9076948802987654,4.140770881525041,4.126835929879323,3.0301552353613332,CDU_CSU,46.25358825004877,SPD,40.54095482288677
135,5,Lippe I,123911,49783,50934,0,2873,5186,7070,8065,40.176416944419785,41.1053094559805,0,2.3185996400642397,4.1852620025663585,5.70570812922178,6.508703827747335,SPD,41.1053094559805,CDU_CSU,40.176416944419785
136,5,Höxter - Lippe II,153734,76882,48159,0,2956,6328,8757,10652,50.009757112935326,31.326186790170034,0,1.9228017224556704,4.1162007103178215,5.69620253164557,6.928851132475574,CDU_CSU,50.009757112935326,SPD,31.326186790170034
137,5,Paderborn - Gütersloh III,174046,102867,40429,0,3296,6969,11254,9231,59.10334049619066,23.22891649334084,0,1.8937522264228999,4.004113854957884,6.4661066614573155,5.303770267630396,CDU_CSU,59.10334049619066,SPD,23.22891649334084
138,5,Hagen - Ennepe-Ruhr-Kreis I,144588,49329,68044,0,4978,8181,6521,7535,34.11693916507594,47.0606136055551,0,3.442885993305115,5.658145904224416,4.510056159570642,5.211359172268791,SPD,47.0606136055551,CDU_CSU,34.11693916507594
139,5,Ennepe-Ruhr-Kreis II,132852,47530,56197,0,2666,6743,10964,8752,35.776653719928944,42.30045464125493,0,2.0067443470930058,5.07557281787252,8.252792581218198,6.587781892632403,SPD,42.30045464125493,CDU_CSU,35.776653719928944
140,5,Bochum I,151165,53861,66851,0,2069,10331,10323,7730,35.630602321966066,44.22386134356498,0,1.3687030728012437,6.834253960903649,6.828961730559323,5.1136175702047435,SPD,44.22386134356498,CDU_CSU,35.630602321966066
141,5,Herne - Bochum II,124530,37807,60610,0,1894,9500,7194,7525,30.35975267003935,48.6710029711716,0,1.5209186541395647,7.628683851280815,5.7769212238014935,6.042720629567173,SPD,48.6710029711716,CDU_CSU,30.35975267003935
142,5,Dortmund I,147469,45310,67019,0,2882,8835,11042,12381,30.72510154676576,45.44616156615967,0,1.954309041222223,5.991089652740576,7.487675375841703,8.39566281727007,SPD,45.44616156615967,CDU_CSU,30.72510154676576
143,5,Dortmund II,135653,43688,63388,0,2014,9340,9228,7995,32.20570131143432,46.72804877149787,0,1.4846704459171562,6.88521448106566,6.80265088129271,5.893714108792286,SPD,46.72804877149787,CDU_CSU,32.20570131143432
144,5,Unna I,146276,52433,68287,0,2514,7749,8242,7051,35.845251442478606,46.683666493478086,0,1.7186688178511853,5.297519757171375,5.634553857092072,4.820339631928682,SPD,46.683666493478086,CDU_CSU,35.845251442478606
145,5,Hamm - Unna II,164912,64871,71174,0,3439,9277,8250,7901,39.33673716891433,43.15877558940526,0,2.085354613369555,5.625424468807607,5.002668089647813,4.791040069855438,SPD,43.15877558940526,CDU_CSU,39.33673716891433
146,5,Soest,165476,82394,55127,0,3870,8267,9868,5950,49.792114868621425,33.31419662065798,0,2.3387077280088953,4.995890642751819,5.963402547801494,3.5956875921583795,CDU_CSU,49.792114868621425,SPD,33.31419662065798
147,5,Hochsauerlandkreis,149604,83952,44682,0,2878,6159,6308,5625,56.11614662709553,29.86684847998717,0,1.9237453544022887,4.116868532926927,4.216464800406406,3.7599262051816797,CDU_CSU,56.11614662709553,SPD,29.86684847998717
148,5,Siegen-Wittgenstein,154757,70833,56510,0,3383,6891,7808,9332,45.77046595630569,36.51531110062873,0,2.1860077411684125,4.452787272950497,5.0453291288923925,6.030098800054279,CDU_CSU,45.77046595630569,SPD,36.51531110062873
149,5,Olpe - Märkischer Kreis I,148837,76911,48711,0,3586,5635,5132,8862,51.67465079247767,32.72774914839724,0,2.409347138144413,3.7860209490919594,3.448067348844709,5.954164623044001,CDU_CSU,51.67465079247767,SPD,32.72774914839724
150,5,Märkischer Kreis II,143502,59768,59821,0,2792,6926,4498,9697,41.64959373388524,41.68652701704506,0,1.9456174826831683,4.826413569148862,3.134451087789717,6.757397109447952,SPD,41.68652701704506,CDU_CSU,41.64959373388524
167,6,Waldeck,133701,55444,55217,0,3579,7253,8486,3722,41.468650197081544,41.29886837046843,0,2.6768685350146972,5.424791138435763,6.346998152594222,2.7838236064053374,CDU_CSU,41.468650197081544,SPD,41.29886837046843
168,6,Kassel,155463,54674,62178,0,3192,13066,16559,5794,35.168496684098464,39.995368672931825,0,2.0532216668918006,8.404572149000083,10.651409016936505,3.72693181014132,SPD,39.995368672931825,CDU_CSU,35.168496684098464
169,6,Werra-Meißner - Hersfeld-Rotenburg,126814,51386,54630,0,2513,7277,6333,4675,40.52076269181636,43.0788398757235,0,1.9816424054126516,5.738325421483433,4.993928115192329,3.6865014903717257,SPD,43.0788398757235,CDU_CSU,40.52076269181636
170,6,Schwalm-Eder,136829,54162,57944,0,3005,6890,7884,6944,39.583713978761814,42.34774791893531,0,2.1961718641516055,5.035482244261085,5.761936431604411,5.0749475622857725,SPD,42.34774791893531,CDU_CSU,39.583713978761814
171,6,Marburg,128002,50683,55982,0,2229,6746,7595,4767,39.595475070702015,43.73525413665412,0,1.741379040952485,5.270230152653864,5.933501039046265,3.7241605599912497,SPD,43.73525413665412,CDU_CSU,39.595475070702015
172,6,Lahn-Dill,142835,68666,49213,0,3033,6603,8647,6673,48.07365141596948,34.45444043826793,0,2.123429131515385,4.6228165365631675,6.0538383449434665,4.671824132740575,CDU_CSU,48.07365141596948,SPD,34.45444043826793
173,6,Gießen,152302,67587,54028,0,4543,7802,11186,7156,44.37696156320994,35.474255098422866,0,2.9828892594975773,5.1227167075941225,7.344617930165066,4.698559441110425,CDU_CSU,44.37696156320994,SPD,35.474255098422866
174,6,Fulda,149596,87263,37352,0,3605,6869,8125,6382,58.33244204390492,24.968582047648333,0,2.4098237920800023,4.5917003128425895,5.4312949544105456,4.266156849113613,CDU_CSU,58.33244204390492,SPD,24.968582047648333
175,6,Main-Kinzig - Wetterau II - Schotten,126773,61911,41061,0,2963,6739,6815,7284,48.836108635119466,32.389388907732716,0,2.337248467733666,5.315800683110758,5.3757503569372025,5.745702949366191,CDU_CSU,48.836108635119466,SPD,32.389388907732716
176,6,Hochtaunus,136975,66785,38435,0,4866,5482,10064,11343,48.75707245847782,28.059864938857455,0,3.5524730790290198,4.002190180689906,7.347326154407739,8.281073188538054,CDU_CSU,48.75707245847782,SPD,28.059864938857455
177,6,Wetterau I,127770,60118,40805,0,3527,6174,9497,7649,47.05173358378336,31.936291774281912,0,2.7604288956719105,4.8321202160131485,7.43288721922204,5.986538311027627,CDU_CSU,47.05173358378336,SPD,31.936291774281912
178,6,Rheingau-Taunus - Limburg,162032,84489,47152,0,3726,6300,9119,11246,52.1434037720944,29.100424607484943,0,2.2995457687370395,3.888120865014318,5.6279006615977085,6.9406043250715905,CDU_CSU,52.1434037720944,SPD,29.100424607484943
179,6,Wiesbaden,129630,56466,45311,0,3296,6097,9784,8676,43.55936125896783,34.95410013114248,0,2.542621306796266,4.703386561752681,7.547635578184063,6.6928951631566775,CDU_CSU,43.55936125896783,SPD,34.95410013114248
180,6,Hanau,124101,54920,45184,0,3053,7069,7217,6658,44.25427675844675,36.409053915762165,0,2.460092988775272,5.696166831854699,5.815424533243084,5.364984971918035,CDU_CSU,44.25427675844675,SPD,36.409053915762165
181,6,Main-Taunus,151067,79353,40927,0,6472,6355,12453,5507,52.52834834874592,27.091952577333235,0,4.284191782454143,4.206742703568615,8.243362216764746,3.645402371133338,CDU_CSU,52.52834834874592,SPD,27.091952577333235
182,6,Frankfurt am Main I,130519,52427,43124,0,4125,10280,12875,7688,40.16809813130655,33.04040024823972,0,3.1604593967161874,7.876247902604218,9.86446417762931,5.890330143504011,CDU_CSU,40.16809813130655,SPD,33.04040024823972
183,6,Frankfurt am Main II,156977,57004,47854,0,5434,9547,21184,15954,36.313600081540606,30.48472069156628,0,3.461653618045956,6.081782681539334,13.49497060078865,10.163272326519172,CDU_CSU,36.313600081540606,SPD,30.48472069156628
184,6,Groß-Gerau,123304,52087,46942,0,2489,7645,9502,4639,42.2427496269383,38.070135599818336,0,2.0185882047622137,6.200123272562123,7.7061571400765585,3.7622461558424707,CDU_CSU,42.2427496269383,SPD,38.070135599818336
185,6,Offenbach,153603,69930,47984,0,4376,9479,12548,9286,45.52645456143435,31.238973197138076,0,2.8489026907026553,6.171103428969486,8.169111280378639,6.045454841376796,CDU_CSU,45.52645456143435,SPD,31.238973197138076
186,6,Darmstadt,176597,63397,65820,0,4306,9111,20704,13259,35.89925083665068,37.27130132448456,0,2.4383200167613266,5.1592042899936015,11.723868468886787,7.508055063223044,SPD,37.27130132448456,CDU_CSU,35.89925083665068
187,6,Odenwald,171250,80323,57586,0,4581,8621,11854,8285,46.903941605839414,33.62686131386861,0,2.6750364963503652,5.034160583941605,6.9220437956204375,4.837956204379562,CDU_CSU,46.903941605839414,SPD,33.62686131386861
188,6,Bergstraße,145129,70131,46099,0,2795,5730,8222,12152,48.32321589758077,31.76415464862295,0,1.925872844159334,3.948211591067258,5.665304659992145,8.373240358577542,CDU_CSU,48.32321589758077,SPD,31.76415464862295
198,7,Neuwied,170289,79785,63453,0,3906,7655,6779,8711,46.85270334548914,37.26194880467911,0,2.293747687754347,4.495299167885183,3.9808795635654683,5.115421430626758,CDU_CSU,46.85270334548914,SPD,37.26194880467911
199,7,Ahrweiler,139491,77379,39071,0,3313,6221,7813,5694,55.47239606856357,28.009692381587342,0,2.37506362417647,4.459785936010208,5.601078205762379,4.081983783900037,CDU_CSU,55.47239606856357,SPD,28.009692381587342
200,7,Koblenz,139695,67046,43094,0,3772,6901,11184,7698,47.99455957621962,30.848634525215644,0,2.7001682236300515,4.940047961630696,8.006013099967788,5.510576613336196,CDU_CSU,47.99455957621962,SPD,30.848634525215644
201,7,Mosel/Rhein-Hunsrück,126151,67658,35146,0,3990,5647,5083,8627,53.63255146610015,27.860262701048743,0,3.162876235622389,4.4763814793382535,4.0292982219720805,6.838629895918384,CDU_CSU,53.63255146610015,SPD,27.860262701048743
202,7,Kreuznach,128890,53324,48521,0,3767,6688,5733,10857,41.37171231282489,37.64527892000931,0,2.9226472185584607,5.188920785165645,4.447978896733649,8.423461866708045,CDU_CSU,41.37171231282489,SPD,37.64527892000931
203,7,Bitburg,116592,65252,30613,0,3807,3867,5775,7278,55.96610402085906,26.2565184575271,0,3.265232606010704,3.3166941128036225,4.953170028818444,6.2422807739810615,CDU_CSU,55.96610402085906,SPD,26.2565184575271
204,7,Trier,137813,67281,42879,0,2656,7687,9555,7755,48.82050314556682,31.113900720541604,0,1.9272492435401596,5.57784824363449,6.933308178473729,5.6271904682431995,CDU_CSU,48.82050314556682,SPD,31.113900720541604
205,7,Montabaur,151773,74887,47097,0,3714,7217,9014,9844,49.341450719166126,31.031211084975592,0,2.447075566800419,4.75512772363991,5.939132783828481,6.486002121589479,CDU_CSU,49.341450719166126,SPD,31.031211084975592
206,7,Mainz,192493,77285,67169,0,9633,8359,19339,10708,40.14951193030396,34.89425589501956,0,5.004337820076574,4.342495571267527,10.046599097110025,5.562799686222356,CDU_CSU,40.14951193030396,SPD,34.89425589501956
207,7,Worms,145975,61337,53948,0,3652,5359,8111,13568,42.01883884226751,36.95701318718959,0,2.501798253125535,3.671176571330707,5.556430895701318,9.29474225038534,CDU_CSU,42.01883884226751,SPD,36.95701318718959
208,7,Ludwigshafen/Frankenthal,151762,65746,54003,0,3773,7476,7247,13517,43.32178015577022,35.584006536550646,0,2.486129597659493,4.926134341930127,4.7752401787008605,8.906709189388648,CDU_CSU,43.32178015577022,SPD,35.584006536550646
209,7,Neustadt - Speyer,161570,77345,46217,0,4355,7244,13054,13355,47.87089187349137,28.604939035712075,0,2.6954261310886922,4.4835056012873675,8.079470198675496,8.265767159745002,CDU_CSU,47.87089187349137,SPD,28.604939035712075
210,7,Kaiserslautern,158986,59086,61253,0,3584,11813,8446,14804,37.16427861572717,38.52729171121986,0,2.2542865409532915,7.430213981105255,5.312417445561245,9.311511705433183,SPD,38.52729171121986,CDU_CSU,37.16427861572717
211,7,Pirmasens,124668,57201,40180,0,3446,7486,5059,11296,45.882664356530945,32.2296018224404,0,2.7641415599833157,6.004748612314307,4.057977989540219,9.06086565919081,CDU_CSU,45.882664356530945,SPD,32.2296018224404
212,7,Südpfalz,155116,75748,43385,0,6217,6308,11064,12394,48.83313133396941,27.96939064957838,0,4.007968230227701,4.066634002939735,7.132726475669822,7.990149307614947,CDU_CSU,48.83313133396941,SPD,27.96939064957838
258,8,Stuttgart I,151248,63465,25050,0,3894,5824,41522,11493,41.96088543319581,16.562202475404632,0,2.574579498571882,3.850629429810642,27.45292499735534,7.598778165661694,CDU_CSU,41.96088543319581,GRÜNE,27.45292499735534
259,8,Stuttgart II,132835,58222,34690,0,3594,6633,18505,11191,43.83031580532239,26.115105205706328,0,2.7056122256935295,4.993412880641397,13.930816426393648,8.424737456242708,CDU_CSU,43.83031580532239,SPD,26.115105205706328
260,8,Böblingen,188749,102408,44676,0,6501,7621,17750,9793,54.25618148970326,23.669529374990066,0,3.4442566583134218,4.037637285495553,9.404023332573948,5.188371858923755,CDU_CSU,54.25618148970326,SPD,23.669529374990066
261,8,Esslingen,128425,65825,32379,0,2474,4788,14236,8723,51.255596651742266,25.212380766984623,0,1.9264161962234767,3.728246058010512,11.085069106482383,6.792291220556745,CDU_CSU,51.255596651742266,SPD,25.212380766984623
262,8,Nürtingen,158373,80710,40013,0,3997,5205,15685,12763,50.96196952763413,25.26503886394777,0,2.523788777127414,3.286545055028319,9.90383461827458,8.058823157987788,CDU_CSU,50.96196952763413,SPD,25.26503886394777
263,8,Göppingen,130711,64095,31646,0,4393,4710,14010,11857,49.03565881983919,24.21066321885687,0,3.3608495076925435,3.603369265019776,10.718302208689398,9.071156979902227,CDU_CSU,49.03565881983919,SPD,24.21066321885687
264,8,Waiblingen,169399,87082,38908,0,6354,6211,17838,13006,51.40644277711203,22.96825837224541,0,3.7509076204700147,3.666491537730447,10.5301684189399,7.6777312735022045,CDU_CSU,51.40644277711203,SPD,22.96825837224541
265,8,Ludwigsburg,160561,80935,33977,0,5126,7739,21666,11118,50.4076332359664,21.1614277439727,0,3.192556100173766,4.81997496278673,13.493936883801172,6.9244710732992445,CDU_CSU,50.4076332359664,SPD,21.1614277439727
266,8,Neckar-Zaber,174280,92693,45962,0,5404,7697,16474,6050,53.18625200826257,26.372504016525134,0,3.1007574018820288,4.416456277254992,9.452605003442736,3.4714252926325453,CDU_CSU,53.18625200826257,SPD,26.372504016525134
267,8,Heilbronn,170887,87777,46231,0,6178,7554,12771,10376,51.36552224569453,27.053550006729594,0,3.6152545249199766,4.420464985633781,7.473359588500003,6.071848648522122,CDU_CSU,51.36552224569453,SPD,27.053550006729594
268,8,Schwäbisch Hall - Hohenlohe,155765,81427,35728,0,6128,6626,15569,10287,52.27554328636086,22.93711681058004,0,3.9341315443135496,4.253843931563573,9.995185054408886,6.604179372773087,CDU_CSU,52.27554328636086,SPD,22.93711681058004
269,8,Backnang - Schwäbisch Gmünd,127787,70748,31673,0,3541,5079,10439,6307,55.364004163177796,24.785776330925682,0,2.771017396135757,3.9745827040309267,8.169062580700698,4.93555682502915,CDU_CSU,55.364004163177796,SPD,24.785776330925682
270,8,Aalen - Heidenheim,160110,92293,39464,0,2857,7929,12402,5165,57.643495097120734,24.648054462556992,0,1.784398226219474,4.952220348510399,7.7459246767847105,3.2259071888076947,CDU_CSU,57.643495097120734,SPD,24.648054462556992
271,8,Karlsruhe-Stadt,148111,58452,43866,0,4714,7254,20337,13488,39.46499584770881,29.616976456846555,0,3.1827480740795755,4.897678092781765,13.730918027695443,9.106683500887849,CDU_CSU,39.46499584770881,SPD,29.616976456846555
272,8,Karlsruhe-Land,157255,83848,40735,0,4490,5896,12298,9988,53.31976725700296,25.90378684302566,0,2.855235127658898,3.7493243458077647,7.820419064576643,6.351467361928079,CDU_CSU,53.31976725700296,SPD,25.90378684302566
273,8,Rastatt,145646,77850,33482,0,4527,5073,12233,12481,53.45151943754034,22.988616233882155,0,3.108221303708993,3.483102865852821,8.399132142317674,8.569408016698022,CDU_CSU,53.45151943754034,SPD,22.988616233882155
274,8,Heidelberg,166319,68061,50850,0,5180,6892,20392,14944,40.92196321526705,30.5737768986105,0,3.1144968404090934,4.1438440587064616,12.26077597869155,8.985143008315346,CDU_CSU,40.92196321526705,SPD,30.5737768986105
275,8,Mannheim,135167,53819,43736,0,3772,8951,16544,8345,39.81667122892422,32.35701021699084,0,2.7906219713391582,6.622178490311985,12.239673884897941,6.173844207535863,CDU_CSU,39.81667122892422,SPD,32.35701021699084
276,8,Odenwald - Tauber,153285,90624,32696,0,2807,5158,9019,12981,59.12124474018984,21.330201911472095,0,1.8312294092703134,3.3649737417229346,5.8838112013569495,8.468538995987867,CDU_CSU,59.12124474018984,SPD,21.330201911472095
277,8,Rhein-Neckar,145554,72271,37724,0,3709,5824,12031,13995,49.65236269700592,25.91752888962172,0,2.548195171551452,4.001264135647252,8.265660854390811,9.614988251782844,CDU_CSU,49.65236269700592,SPD,25.91752888962172
278,8,Bruchsal - Schwetzingen,142639,73944,35252,0,3966,5345,9678,14454,51.839959618337204,24.714138489473424,0,2.780445740645966,3.7472220080062257,6.784960634889477,10.133273508647706,CDU_CSU,51.839959618337204,SPD,24.714138489473424
279,8,Pforzheim,157197,77737,36059,0,9064,6435,12539,15363,49.45196155142909,22.938732927473172,0,5.766013346310681,4.093589572320083,7.976615329809094,9.773087272657875,CDU_CSU,49.45196155142909,SPD,22.938732927473172
280,8,Calw,142709,83514,28892,0,4072,6094,10036,10101,58.520485743716236,20.245394474069613,0,2.853358933213743,4.270228226671058,7.032492694924637,7.078039927404718,CDU_CSU,58.520485743716236,SPD,20.245394474069613
281,8,Freiburg,166534,58106,50004,0,3182,8083,34762,12397,34.89137353333253,30.026300935544693,0,1.910720933863355,4.853663516158862,20.873815557183516,7.444125523917037,CDU_CSU,34.89137353333253,SPD,30.026300935544693
282,8,Lörrach - Müllheim,162043,81205,39902,0,3856,6305,19468,11307,50.11324154699679,24.624328110439823,0,2.3796152873002843,3.8909425276006986,12.014095024160254,6.977777503502157,CDU_CSU,50.11324154699679,SPD,24.624328110439823
283,8,Emmendingen - Lahr,150615,78797,39772,0,2742,7002,17368,4934,52.31683431265146,26.406400424924474,0,1.820535803206852,4.648939348670451,11.53138797596521,3.275902134581549,CDU_CSU,52.31683431265146,SPD,26.406400424924474
284,8,Offenburg,142873,80083,28862,0,3063,6083,14111,10671,56.0518782415152,20.201157671498464,0,2.1438620313145242,4.257627403358227,9.876603696989635,7.4688709553239585,CDU_CSU,56.0518782415152,SPD,20.201157671498464
285,8,Rottweil - Tuttlingen,140930,81517,25044,0,4714,5290,10546,13819,57.84219115873128,17.770524373802594,0,3.344923011424111,3.753636557156035,7.483147661959838,9.805577236926133,CDU_CSU,57.84219115873128,SPD,17.770524373802594
286,8,Schwarzwald-Baar,117366,66505,22211,0,2946,4144,8984,12576,56.664621781435855,18.92456077569313,0,2.5100966208271562,3.5308351652096857,7.654687047356133,10.715198609478042,CDU_CSU,56.664621781435855,SPD,18.92456077569313
287,8,Konstanz,145650,75524,27956,0,5476,5980,19322,11392,51.85307243391692,19.193958118777893,0,3.7596979059388946,4.1057329213868865,13.266048746996223,7.821489872983179,CDU_CSU,51.85307243391692,SPD,19.193958118777893
288,8,Waldshut,126441,65009,35359,0,4184,5613,12768,3508,51.414493716436915,27.964821537317803,0,3.309053234314819,4.439224618596816,10.097990367048663,2.7744165262849867,CDU_CSU,51.414493716436915,SPD,27.964821537317803
289,8,Reutlingen,148131,76870,29859,0,5665,5966,18399,11372,51.8932566444566,20.157158191060613,0,3.824317664769697,4.027516184998413,12.420762703282904,7.676988611431773,CDU_CSU,51.8932566444566,SPD,20.157158191060613
290,8,Tübingen,147979,69354,30160,0,3358,9589,24477,11041,46.86746092350942,20.381270315382586,0,2.269240905804202,6.479973509754762,16.54086052750728,7.461193818041749,CDU_CSU,46.86746092350942,SPD,20.381270315382586
291,8,Ulm,165046,85984,39321,0,4371,6012,16041,13317,52.096991141863484,23.824267173999974,0,2.6483525804927113,3.6426208450977304,9.719108612144494,8.068659646401608,CDU_CSU,52.096991141863484,SPD,23.824267173999974
292,8,Biberach,119587,70540,23786,0,2567,4013,10754,7927,58.98634466957111,19.890121835985518,0,2.1465543913636096,3.3557159222992468,8.99261625427513,6.62864692650539,CDU_CSU,58.98634466957111,SPD,19.890121835985518
293,8,Bodensee,126766,68333,26105,0,4955,5749,14224,7400,53.90483252607166,20.59306123092943,0,3.9087768013505197,4.5351277156335295,11.220674313301673,5.837527412713188,CDU_CSU,53.90483252607166,SPD,20.59306123092943
294,8,Ravensburg,134247,69312,26909,0,3320,4424,18298,11984,51.63020402690562,20.044395777931722,0,2.4730534015657706,3.2954181471466772,13.630099741521226,8.926828904928975,CDU_CSU,51.63020402690562,SPD,20.044395777931722
295,8,Zollernalb - Sigmaringen,130191,78966,23684,0,3069,5460,10802,8210,60.653962255455454,18.19173368358796,0,2.3573058045487016,4.193838283752333,8.29704050203163,6.306119470623929,CDU_CSU,60.653962255455454,SPD,18.19173368358796
213,9,Altötting,110861,72915,15921,0,2293,2832,6030,10870,65.77155176301855,14.36122712225219,0,2.0683558690612567,2.5545502927088877,5.439243737653458,9.805071215305652,CDU_CSU,65.77155176301855,SPD,14.36122712225219
214,9,Erding - Ebersberg,142543,78991,27233,0,3125,3712,11377,18105,55.41555881383161,19.105112141599374,0,2.1923209136892026,2.6041264741165824,7.981451211213458,12.701430445549763,CDU_CSU,55.41555881383161,SPD,19.105112141599374
215,9,Freising,154442,81729,27165,0,3854,4440,18169,19085,52.91889511920333,17.589127309928646,0,2.495435179549604,2.874865645355538,11.764286916771345,12.357389829191542,CDU_CSU,52.91889511920333,SPD,17.589127309928646
216,9,Fürstenfeldbruck,187040,103904,37575,0,4196,5096,14515,21754,55.551753635585975,20.089285714285715,0,2.2433704020530367,2.7245508982035926,7.760372112917023,11.630667236954661,CDU_CSU,55.551753635585975,SPD,20.089285714285715
217,9,Ingolstadt,173332,106668,28561,0,3471,6755,11340,16537,61.5397041515704,16.47762675097501,0,2.002515403964646,3.897145362656636,6.542358018138601,9.540650312694714,CDU_CSU,61.5397041515704,SPD,16.47762675097501
218,9,München-Nord,154757,66930,48625,0,5749,5722,15962,11769,43.2484475661844,31.42022654871831,0,3.7148561939039912,3.6974094871314382,10.314234574203429,7.604825629858423,CDU_CSU,43.2484475661844,SPD,31.42022654871831
219,9,München-Ost,167440,74745,48051,0,6920,5713,17100,14911,44.63987099856665,28.697443860487336,0,4.13282369804109,3.4119684663162926,10.212613473483039,8.90527950310559,CDU_CSU,44.63987099856665,SPD,28.697443860487336
220,9,München-Süd,153171,66513,43571,0,4650,6027,17407,15003,43.42401629551286,28.44598520607687,0,3.0358227079538556,3.9348179485672876,11.364422769323175,9.794935072565956,CDU_CSU,43.42401629551286,SPD,28.44598520607687
221,9,München-West/Mitte,173019,73661,49419,0,6984,7135,22743,13077,42.57393696646033,28.562759003346454,0,4.03655089903421,4.123824551060866,13.144799126107538,7.558129453990602,CDU_CSU,42.57393696646033,SPD,28.562759003346454
222,9,München-Land,190872,100176,38786,0,7429,3996,21279,19206,52.48333962026908,20.32042415859843,0,3.8921371390251056,2.093549603923048,11.148308814283919,10.062240663900415,CDU_CSU,52.48333962026908,SPD,20.32042415859843
223,9,Rosenheim,161622,93964,20229,0,4272,3932,15125,24100,58.13812476024304,12.51624160077217,0,2.643204514236923,2.4328371137592653,9.358255683013452,14.911336327975153,CDU_CSU,58.13812476024304,OTROS,14.911336327975153
224,9,Starnberg,180104,97383,31678,0,13381,5041,16031,16590,54.0704259761027,17.588726513569938,0,7.429596233287433,2.798938391151779,8.900968329409674,9.21134455647848,CDU_CSU,54.0704259761027,SPD,17.588726513569938
225,9,Traunstein,139912,87598,24570,0,3313,4117,11973,8341,62.609354451369434,17.561038366973527,0,2.3679169763851564,2.9425638973068784,8.557521870890273,5.961604437074733,CDU_CSU,62.609354451369434,SPD,17.561038366973527
226,9,Weilheim,182216,104236,30019,0,5325,5321,15559,21756,57.20463625587215,16.47440400403916,0,2.9223558853229132,2.920160688413751,8.538767177415814,11.939675988936207,CDU_CSU,57.20463625587215,SPD,16.47440400403916
227,9,Deggendorf,93098,57145,14779,0,1950,2802,4187,12235,61.381554920621284,15.874669702893726,0,2.0945670154031237,3.0097316805946424,4.497411329996348,13.142065350490881,CDU_CSU,61.381554920621284,SPD,15.874669702893726
228,9,Landshut,169996,98703,27537,0,5147,4920,14085,19604,58.06195439892703,16.198616438033834,0,3.0277182992541,2.894185745546954,8.285489070331066,11.53203604790701,CDU_CSU,58.06195439892703,SPD,16.198616438033834
229,9,Passau,116111,69428,22845,0,0,3763,5956,0,59.79450698038945,19.67513844510856,0,0,3.240864345324732,5.129574286673959,0,CDU_CSU,59.79450698038945,SPD,19.67513844510856
230,9,Rottal-Inn,102641,62748,16619,0,2070,2668,4773,13763,61.13346518447794,16.19138550871484,0,2.016737950721447,2.59935113648542,4.650188521156263,13.408871698444091,CDU_CSU,61.13346518447794,SPD,16.19138550871484
231,9,Straubing,110370,67579,19400,0,2596,2757,3582,14456,61.229500770136816,17.57724019208118,0,2.3520884298269458,2.497961402555042,3.2454471323729273,13.097762073027091,CDU_CSU,61.229500770136816,SPD,17.57724019208118
232,9,Amberg,149479,87248,31253,0,3148,4909,7365,15556,58.3680650793757,20.907953625592892,0,2.1059814422092735,3.2840733480957196,4.927113507583005,10.406812997143412,CDU_CSU,58.3680650793757,SPD,20.907953625592892
233,9,Regensburg,170560,82648,37541,0,6830,5839,14202,23500,48.45684803001876,22.01043621013133,0,4.004455909943714,3.4234287054409007,8.326688555347092,13.7781425891182,CDU_CSU,48.45684803001876,SPD,22.01043621013133
234,9,Schwandorf,140117,80840,34716,0,2430,3820,4516,13795,57.6946409072418,24.776436834930806,0,1.7342649357322808,2.726293026542104,3.2230207612209796,9.845343534332022,CDU_CSU,57.6946409072418,SPD,24.776436834930806
235,9,Weiden,117789,64930,25881,0,1735,3117,4531,17595,55.12399290256306,21.972340371341975,0,1.4729728582465256,2.646257290578917,3.8467089456570647,14.93772763161246,CDU_CSU,55.12399290256306,SPD,21.972340371341975
236,9,Bamberg,125874,65723,28794,0,4252,4365,10283,12457,52.21332443554666,22.87525620858954,0,3.3779811557589334,3.4677534677534676,8.169280391502614,9.896404340848786,CDU_CSU,52.21332443554666,SPD,22.87525620858954
237,9,Bayreuth,114472,63936,29344,0,3133,3246,7189,7624,55.85295967572856,25.634216227549096,0,2.7369138304563565,2.835627926479838,6.280138374449646,6.660143965336501,CDU_CSU,55.85295967572856,SPD,25.634216227549096
238,9,Coburg,110393,55309,35785,0,1835,3681,4274,9509,50.10190863551131,32.416004637975234,0,1.662243077006694,3.3344505539300497,3.8716222948918864,8.613770800684826,CDU_CSU,50.10190863551131,SPD,32.416004637975234
239,9,Hof,117749,64888,33731,0,1527,5264,6449,5890,55.107049741399074,28.646527783675445,0,1.2968263000110403,4.470526288970607,5.476904262456581,5.002165623487248,CDU_CSU,55.107049741399074,SPD,28.646527783675445
240,9,Kulmbach,121082,68903,27587,0,1996,3616,4845,14135,56.9060636593383,22.783733337738063,0,1.648469632150113,2.9864059067408864,4.001420524933516,11.673906939099123,CDU_CSU,56.9060636593383,SPD,22.783733337738063
241,9,Ansbach,164872,87922,38331,0,7454,6202,9665,15298,53.32742976369548,23.24894463583871,0,4.521083021980688,3.761706050754525,5.862123344170023,9.27871318356058,CDU_CSU,53.32742976369548,SPD,23.24894463583871
242,9,Erlangen,134323,65151,35377,0,2990,5611,11980,13214,48.5032347401413,26.33726167521571,0,2.2259776806652622,4.1772444034156475,8.918800205474863,9.837481295087215,CDU_CSU,48.5032347401413,SPD,26.33726167521571
243,9,Fürth,176841,86997,47936,0,3239,7524,14595,16550,49.19503961185472,27.106836084392192,0,1.8315888283825583,4.254669448826912,8.25317658235364,9.358689444189979,CDU_CSU,49.19503961185472,SPD,27.106836084392192
244,9,Nürnberg-Nord,131621,51829,41666,0,3556,8099,13336,13135,39.37745496539306,31.656042728743895,0,2.7016965377865234,6.153273413816944,10.132121773881067,9.979410580378511,CDU_CSU,39.37745496539306,SPD,31.656042728743895
245,9,Nürnberg-Süd,120657,53519,38942,0,2192,6038,8165,11801,44.35631583745659,32.2749612538021,0,1.8167201239878334,5.004268297736559,6.767116702719278,9.780617784297638,CDU_CSU,44.35631583745659,SPD,32.2749612538021
246,9,Roth,167199,84618,46200,0,5371,6064,11142,13804,50.609154360971054,27.631744208996466,0,3.2123397867212127,3.6268159498561596,6.663915454039797,8.256030239415308,CDU_CSU,50.609154360971054,SPD,27.631744208996466
247,9,Aschaffenburg,128900,67591,32308,0,4199,3641,10284,10877,52.43677269200931,25.064391000775792,0,3.2575640031031803,2.82467028704422,7.978277734678045,8.438324282389448,CDU_CSU,52.43677269200931,SPD,25.064391000775792
248,9,Bad Kissingen,153533,88911,30564,0,4391,6930,12127,10610,57.91002585763321,19.9071209446829,0,2.859971471931116,4.51368761113246,7.898627656594999,6.91056645802531,CDU_CSU,57.91002585763321,SPD,19.9071209446829
249,9,Main-Spessart,141113,73001,32812,0,3632,4426,8810,18432,51.732299646382685,23.252287174108695,0,2.573823814956808,3.136493448512894,6.243223515905692,13.061872400133225,CDU_CSU,51.732299646382685,SPD,23.252287174108695
250,9,Schweinfurt,139562,76548,32190,0,2921,7514,8052,12337,54.84874106132042,23.06501769822731,0,2.0929765982144137,5.383987045184219,5.769478797953598,8.839798799100041,CDU_CSU,54.84874106132042,SPD,23.06501769822731
251,9,Würzburg,165229,80776,42136,0,5323,5374,16454,15166,48.88730186589521,25.501576599749438,0,3.221589430426862,3.2524556827191353,9.958300298373771,9.17877612283558,CDU_CSU,48.88730186589521,SPD,25.501576599749438
252,9,Augsburg-Stadt,132024,58622,33145,0,4511,6408,14568,14770,44.402532872811,25.10528388777798,0,3.416803005514149,4.853662970369023,11.034357389565534,11.187359873962311,CDU_CSU,44.402532872811,SPD,25.10528388777798
253,9,Augsburg-Land,174639,105841,30879,0,3974,5177,12067,16701,60.60559210714674,17.681617508116744,0,2.2755512800691715,2.9644008497529186,6.909682258831075,9.56315599608335,CDU_CSU,60.60559210714674,SPD,17.681617508116744
254,9,Donau-Ries,129495,78524,22858,0,3170,5797,8153,10993,60.638634696320324,17.651646781729024,0,2.447970964129889,4.476620718946678,6.2959959844009425,8.489130854473146,CDU_CSU,60.638634696320324,SPD,17.651646781729024
255,9,Neu-Ulm,159917,91961,29420,0,4377,5546,12505,16108,57.505455955276794,18.39704346629814,0,2.7370448420117937,3.4680490504449186,7.819681459757249,10.072725226211098,CDU_CSU,57.505455955276794,SPD,18.39704346629814
256,9,Oberallgäu,154104,93494,26722,0,5501,5530,13011,9846,60.66941805533925,17.340237761511705,0,3.5696672377095986,3.588485697970202,8.442999532783055,6.389191714686186,CDU_CSU,60.66941805533925,SPD,17.340237761511705
257,9,Ostallgäu,166212,99333,25009,0,2847,4731,10039,24253,59.762833008447046,15.046446706615649,0,1.7128727167713524,2.8463648834019204,6.039876783866387,14.59160590089765,CDU_CSU,59.762833008447046,SPD,15.046446706615649
296,10,Saarbrücken,139051,51324,50286,0,2410,15202,7422,12407,36.91019841640837,36.16370971801713,0,1.7331770357638565,10.932679376631596,5.337609941676075,8.922625511502973,CDU_CSU,36.91019841640837,SPD,36.16370971801713
297,10,Saarlouis,149927,66694,52303,0,1872,10936,5577,12545,44.484315700307484,34.8856443469155,0,1.2486076557257866,7.29421651870577,3.7198103076830726,8.367405470662389,CDU_CSU,44.484315700307484,SPD,34.8856443469155
298,10,St. Wendel,134056,60865,44868,0,2221,10247,3793,12062,45.40266754192278,33.469594796204575,0,1.6567703049471865,7.643820492928328,2.8294145730142626,8.997732290982873,CDU_CSU,45.40266754192278,SPD,33.469594796204575
299,10,Homburg,138915,55250,52266,0,1890,12592,4954,11963,39.77252276572004,37.62444660403844,0,1.3605442176870748,9.064535867256955,3.5662095526041107,8.611740992693374,CDU_CSU,39.77252276572004,SPD,37.62444660403844
75,11,Berlin-Mitte,139292,33265,39360,0,2088,23200,25687,15692,23.881486373948253,28.257186342359937,0,1.4990092754788502,16.65565861643167,18.441116503460357,11.265542888320937,SPD,28.257186342359937,CDU_CSU,23.881486373948253
76,11,Berlin-Pankow,172647,41295,36180,0,1581,48926,25442,19223,23.91874750212862,20.956054840223114,0,0.9157413682253384,28.338749008091657,14.736427508152472,11.134279773178799,LINKE,28.338749008091657,CDU_CSU,23.91874750212862
77,11,Berlin-Reinickendorf,130881,58845,38593,0,2605,8508,8790,13540,44.960689481284525,29.487091327236193,0,1.990357653135291,6.500561578838793,6.716024480253055,10.345275479252145,CDU_CSU,44.960689481284525,SPD,29.487091327236193
78,11,Berlin-Spandau - Charlottenburg Nord,127763,50071,47790,0,1788,9199,5942,12973,39.19053247027699,37.405195557399246,0,1.3994661991343347,7.200050092749858,4.650798744550457,10.153956935889106,CDU_CSU,39.19053247027699,SPD,37.405195557399246
79,11,Berlin-Steglitz - Zehlendorf,172980,73460,50540,0,4605,9102,20416,14857,42.467337264423634,29.21725054919644,0,2.662157474852584,5.261879986125564,11.80252052260377,8.58885420279801,CDU_CSU,42.467337264423634,SPD,29.21725054919644
80,11,Berlin-Charlottenburg - Wilmersdorf,151334,56079,47619,0,3801,9368,22176,12291,37.0564446852657,31.46616094202228,0,2.5116629442161047,6.19028110008326,14.653679939735948,8.121770388676703,CDU_CSU,37.0564446852657,SPD,31.46616094202228
81,11,Berlin-Tempelhof - Schöneberg,174159,60926,45659,0,2585,12801,35461,16727,34.98297532714359,26.216847822966372,0,1.484275862860949,7.350180007923794,20.361279061087856,9.604441918017443,CDU_CSU,34.98297532714359,SPD,26.216847822966372
82,11,Berlin-Neukölln,137723,42092,44528,0,1861,16144,16126,16972,30.56279633757615,32.33156408152596,0,1.3512630424838263,11.72207982689892,11.709010114505203,12.32328659700994,SPD,32.33156408152596,CDU_CSU,30.56279633757615
83,11,Berlin-Friedrichshain-Kreuzberg - Prenzlauer Berg Ost,165731,22723,29799,0,1647,28441,66056,17065,13.710772275554966,17.980341637955483,0,0.9937790757311546,17.160941525725423,39.85735921463094,10.296806270402037,GRÜNE,39.85735921463094,SPD,17.980341637955483
84,11,Berlin-Treptow - Köpenick,146219,33036,26093,0,1429,61661,7344,16656,22.59350699977431,17.845150083094534,0,0.9773011715303757,42.170306184558775,5.022603081678851,11.391132479363147,LINKE,42.170306184558775,CDU_CSU,22.59350699977431
85,11,Berlin-Marzahn - Hellersdorf,130739,33552,22341,0,938,50866,4071,18971,25.663344526116923,17.08824451770321,0,0.7174599775124485,38.90652368459297,3.113837493020445,14.510589801054008,LINKE,38.90652368459297,CDU_CSU,25.663344526116923
86,11,Berlin-Lichtenberg,136292,30988,26636,0,939,54932,5748,17049,22.7364775628797,19.543333431162505,0,0.6889619346696798,40.3046400375664,4.2174155489683915,12.509171484753324,LINKE,40.3046400375664,CDU_CSU,22.7364775628797
56,12,Prignitz - Ostprignitz-Ruppin - Havelland I,101748,34115,30079,0,1294,24519,2790,8951,33.52891457325943,29.562251837873966,0,1.2717694696701654,24.09777096355702,2.7420686401698315,8.79722451546959,CDU_CSU,33.52891457325943,SPD,29.562251837873966
57,12,Uckermark - Barnim I,98755,38394,23235,0,1565,25673,2825,7063,38.878031492076346,23.527922636828517,0,1.5847298870943245,25.996658397043188,2.860614652422662,7.15204293453496,CDU_CSU,38.878031492076346,LINKE,25.996658397043188
58,12,Oberhavel - Havelland II,173719,65081,48668,0,2571,34046,8510,14843,37.46337476038891,28.015358135840064,0,1.4799762835383579,19.598316821994143,4.8987157420892355,8.544258256149298,CDU_CSU,37.46337476038891,SPD,28.015358135840064
59,12,Märkisch-Oderland - Barnim II,171171,58210,34745,0,1887,56391,5876,14062,34.00692874377085,20.298415035257143,0,1.1024063655642604,32.94424873372242,3.4328244854560643,8.215176636229268,CDU_CSU,34.00692874377085,LINKE,32.94424873372242
60,12,Brandenburg an der Havel - Potsdam-Mittelmark I - Havelland III - Teltow-Fläming I,121742,39973,40306,0,1911,28974,2952,7626,32.83419033694206,33.107719603752194,0,1.569712999622152,23.799510440111053,2.424799986857453,6.264066632715086,SPD,33.107719603752194,CDU_CSU,32.83419033694206
61,12,Potsdam - Potsdam-Mittelmark II - Teltow-Fläming II,179139,58399,57669,0,3200,35914,12903,11054,32.599824717119105,32.19231993033343,0,1.7863223530331196,20.04811905838483,7.202786662870732,6.170627278258782,CDU_CSU,32.599824717119105,SPD,32.19231993033343
62,12,Dahme-Spreewald - Teltow-Fläming III - Oberspreewald-Lausitz I,166002,61487,45078,0,1989,36284,6324,14840,37.039915181744796,27.15509451693353,0,1.1981783352007809,21.857567981108662,3.8095926555101745,8.939651329502055,CDU_CSU,37.039915181744796,SPD,27.15509451693353
63,12,Frankfurt (Oder) - Oder-Spree,132126,44822,32291,0,2252,37008,5192,10561,33.92367891255317,24.4395501263945,0,1.7044336466706025,28.009627174061123,3.9295823683453674,7.993127771975236,CDU_CSU,33.92367891255317,LINKE,28.009627174061123
64,12,Cottbus - Spree-Neiße,123231,44301,29510,0,2498,24681,3278,18963,35.94955814689486,23.946896478970388,0,2.0270873400361924,20.028239647491297,2.660044956220432,15.388173430386834,CDU_CSU,35.94955814689486,SPD,23.946896478970388
65,12,Elbe-Elster - Oberspreewald-Lausitz II,116012,47454,26132,0,2085,27137,2899,10305,40.90438920111713,22.52525600799917,0,1.7972278729786573,23.39154570216874,2.4988794262662486,8.882701789470055,CDU_CSU,40.90438920111713,LINKE,23.39154570216874
12,13,Schwerin - Ludwigslust-Parchim I - Nordwestmecklenburg I,146108,56966,37864,0,2255,32404,5205,11414,38.98896706545843,25.91507651873956,0,1.5433788704246174,22.17811481917486,3.562433268541079,7.812029457661455,CDU_CSU,38.98896706545843,SPD,25.91507651873956
13,13,Ludwigslust-Parchim II - Nordwestmecklenburg II - Landkreis Rostock I,134812,57917,30711,0,2125,30812,4641,8606,42.961309082277545,22.780613001809925,0,1.5762691748509035,22.85553214847343,3.4425718778743732,6.383704714713824,CDU_CSU,42.961309082277545,LINKE,22.85553214847343
14,13,Rostock - Landkreis Rostock II,150151,52661,27498,0,1606,46160,11216,11010,35.072027492324395,18.313564345225807,0,1.069589946120905,30.74238599809525,7.46981372085434,7.332618497379305,CDU_CSU,35.072027492324395,LINKE,30.74238599809525
15,13,Vorpommern-Rügen - Vorpommern-Greifswald I,154935,87142,21688,0,1227,29847,4728,10303,56.24423145189918,13.998128247329525,0,0.7919450091974053,19.264207570916835,3.051602284829122,6.649885435827928,CDU_CSU,56.24423145189918,LINKE,19.264207570916835
16,13,Mecklenburgische Seenplatte I - Vorpommern-Greifswald II,146096,67069,22870,0,2695,34972,3359,15131,45.90748548899354,15.654090461066698,0,1.84467747234695,23.937684809987953,2.2991731464242693,10.356888621180593,CDU_CSU,45.90748548899354,LINKE,23.937684809987953
17,13,Mecklenburgische Seenplatte II - Landkreis Rostock III,133642,62852,25029,0,1983,30284,4083,9411,47.03012526002305,18.728393768426095,0,1.4838149683482738,22.660540847937025,3.055177264632376,7.041947890633184,CDU_CSU,47.03012526002305,LINKE,22.660540847937025
151,14,Nordsachsen,109461,49906,22316,0,2276,23843,3399,7721,45.59249413032953,20.38716985958469,0,2.0792793780433216,21.782187263043458,3.105215556225505,7.0536538127735,CDU_CSU,45.59249413032953,LINKE,21.782187263043458
152,14,Leipzig I,136399,54566,29511,0,2307,31923,7683,10409,40.00469211651112,21.635789118688553,0,1.6913613736171087,23.404130528816193,5.632739242956326,7.6312876194107,CDU_CSU,40.00469211651112,LINKE,23.404130528816193
153,14,Leipzig II,151860,52077,35515,0,2237,37750,13732,10549,34.292769656262344,23.386671934676677,0,1.4730672988278677,24.85842223100224,9.042539180824443,6.946529698406427,CDU_CSU,34.292769656262344,LINKE,24.85842223100224
154,14,Leipzig-Land,148740,76273,23542,0,2890,31865,4905,9265,51.27941374210031,15.827618663439559,0,1.9429877638832864,21.42328896060239,3.2977006857603874,6.228990184214065,CDU_CSU,51.27941374210031,LINKE,21.42328896060239
155,14,Meißen,142973,76666,18090,0,3461,25279,4817,14660,53.622711980583745,12.652738628971905,0,2.4207367824694175,17.68096074083918,3.3691676050722865,10.253684262063468,CDU_CSU,53.622711980583745,LINKE,17.68096074083918
156,14,Bautzen I,152003,74794,17268,0,3948,32452,3709,19832,49.205607784056895,11.360302099300672,0,2.5973171582139827,21.34957862673763,2.440083419406196,13.047110912284626,CDU_CSU,49.205607784056895,LINKE,21.34957862673763
157,14,Görlitz,149683,74204,22741,0,2442,29550,5045,15701,49.57409993118791,15.19277406251879,0,1.6314477930025453,19.741720836701564,3.3704562308344967,10.489501145754696,CDU_CSU,49.57409993118791,LINKE,19.741720836701564
158,14,Sächsische Schweiz - Osterzgebirge,144771,72644,15442,0,2628,27571,4244,22242,50.17855786034497,10.666500887608706,0,1.8152806846675096,19.044560029287634,2.931526341601564,15.36357419648963,CDU_CSU,50.17855786034497,LINKE,19.044560029287634
159,14,Dresden I,170365,72537,25321,0,3305,42599,10429,16174,42.57740733131805,14.862794588090278,0,1.9399524550230387,25.004549056437646,6.121562527514454,9.493734041616529,CDU_CSU,42.57740733131805,LINKE,25.004549056437646
160,14,Dresden II - Bautzen II,170398,71227,25150,0,3471,32588,16650,21312,41.80037324381742,14.759562905667906,0,2.0369957393866125,19.124637613117525,9.771241446495852,12.50718905151469,CDU_CSU,41.80037324381742,LINKE,19.124637613117525
161,14,Mittelsachsen,142986,74209,22079,0,3203,29079,4583,9833,51.89948666302995,15.44137188256193,0,2.240079448337599,20.336956065628804,3.205208901570783,6.876897038870938,CDU_CSU,51.89948666302995,LINKE,20.336956065628804
162,14,Chemnitz,134175,55909,28101,0,2724,31992,6475,8974,41.668716228805664,20.943543879262158,0,2.0301844605925097,23.84348798211291,4.825787218185206,6.68828023104155,CDU_CSU,41.668716228805664,LINKE,23.84348798211291
163,14,Chemnitzer Umland - Erzgebirgskreis II,131445,65157,20517,0,3006,28783,4874,9108,49.5697820381148,15.608809768344175,0,2.2868880520369737,21.897371524211646,3.7080147590246875,6.929133858267717,CDU_CSU,49.5697820381148,LINKE,21.897371524211646
164,14,Erzgebirgskreis I,157918,79318,19143,0,10246,32472,5051,11688,50.22733317291252,12.122114008536075,0,6.488177408528477,20.562570447954002,3.19849542167454,7.401309540394382,CDU_CSU,50.22733317291252,LINKE,20.562570447954002
165,14,Zwickau,145582,64857,23033,0,3996,35847,4334,13515,44.550150430685115,15.821324064788229,0,2.7448448297179597,24.62323638911404,2.977016389388798,9.283427896305863,CDU_CSU,44.550150430685115,LINKE,24.62323638911404
166,14,Vogtlandkreis,136134,65743,28172,0,3533,26707,3540,8439,48.29285850705922,20.694315894633228,0,2.5952370458518814,19.618170332172713,2.600379038300498,6.199039181982458,CDU_CSU,48.29285850705922,SPD,20.694315894633228
66,15,Altmark,106038,44686,18616,0,1489,32164,2998,6085,42.14149644467078,17.5559705011411,0,1.4042135838095777,30.33252230332522,2.8272883305984644,5.738508836454856,CDU_CSU,42.14149644467078,LINKE,30.33252230332522
67,15,Börde - Jerichower Land,138838,61890,32118,0,3686,29759,3611,7774,44.57713306155375,23.133436090983736,0,2.654892752704591,21.434333539808986,2.6008729598524902,5.5993315950964435,CDU_CSU,44.57713306155375,SPD,23.133436090983736
68,15,Harz,129944,59779,24875,0,1852,29860,4928,8650,46.00366311641938,19.142861540355845,0,1.4252293295573477,22.979129471156806,3.79240288124115,6.65671366126947,CDU_CSU,46.00366311641938,LINKE,22.979129471156806
69,15,Magdeburg,151568,55046,38153,0,2090,38231,6073,11975,36.31769238889475,25.172199936662093,0,1.3789190330412753,25.223661986699042,4.0067824342869205,7.900744220415919,CDU_CSU,36.31769238889475,LINKE,25.223661986699042
70,15,Dessau - Wittenberg,118969,53048,20545,0,1489,26015,5196,12676,44.58976708218107,17.26920458270642,0,1.2515865477561383,21.86704099387235,4.367524313056342,10.654876480427674,CDU_CSU,44.58976708218107,LINKE,21.86704099387235
71,15,Anhalt,137953,56514,21244,0,2778,39715,2884,14818,40.966126144411504,15.399447637963654,0,2.013729313606808,28.78879038513117,2.090567077192957,10.74133944169391,CDU_CSU,40.966126144411504,LINKE,28.78879038513117
72,15,Halle,141147,51206,32957,0,2958,36006,5286,12734,36.27848980141271,23.349415857226862,0,2.095687474760356,25.509575123807092,3.745031775383111,9.021799967409864,CDU_CSU,36.27848980141271,LINKE,25.509575123807092
73,15,Burgenland - Saalekreis,121639,54544,18791,0,1879,31300,4760,10365,44.840881625136674,15.448170405873116,0,1.544734830112053,25.73187875599109,3.913218622316856,8.521115760570213,CDU_CSU,44.840881625136674,LINKE,25.73187875599109
74,15,Mansfeld,130411,54705,23560,0,2458,35982,3193,10513,41.94814854575151,18.06596069349978,0,1.8848103304169126,27.591230801082734,2.44841309398747,8.061436535261596,CDU_CSU,41.94814854575151,LINKE,27.591230801082734
189,16,Eichsfeld - Nordhausen - Unstrut-Hainich-Kreis I,132005,65784,21826,0,1825,26091,4129,12350,49.83447596681943,16.534222188553464,0,1.382523389265558,19.765160410590507,3.1279118215219124,9.355706223249118,CDU_CSU,49.83447596681943,LINKE,19.765160410590507
190,16,Eisenach - Wartburgkreis - Unstrut-Hainich-Kreis II,127592,55220,23564,0,1927,30220,4129,12532,43.27857545927644,18.468242523042196,0,1.5102827763496145,23.684870524797795,3.236096306978494,9.821932409555458,CDU_CSU,43.27857545927644,LINKE,23.684870524797795
191,16,Kyffhäuserkreis - Sömmerda - Weimarer Land I,125419,54350,21469,0,2253,33239,3948,10160,43.33474194500036,17.11782106379416,0,1.7963785391368134,26.50236407561853,3.1478484121225647,8.100845964327574,CDU_CSU,43.33474194500036,LINKE,26.50236407561853
192,16,Gotha - Ilm-Kreis,139073,51861,34726,0,1879,28015,4117,18475,37.29048772946582,24.969620271368274,0,1.3510889964263373,20.144096985036636,2.9603158053684036,13.284390212334529,CDU_CSU,37.29048772946582,SPD,24.969620271368274
193,16,Erfurt - Weimar - Weimarer Land II,153678,56992,36694,0,1781,35917,9151,13143,37.0853342703575,23.877197777170448,0,1.1589166959486719,23.371595153502778,5.954658441676753,8.55229766134385,CDU_CSU,37.0853342703575,SPD,23.877197777170448
194,16,Gera - Jena - Saale-Holzland-Kreis,165521,59731,30310,0,2755,44657,7863,20205,36.08665969876934,18.31187583448626,0,1.6644413699772234,26.979658170262383,4.750454625092888,12.206910301411906,CDU_CSU,36.08665969876934,LINKE,26.979658170262383
195,16,Greiz - Altenburger Land,113701,51013,15873,0,1791,27627,3211,14186,44.86592026455352,13.960299381711682,0,1.5751840353207096,24.297939332107894,2.8240736668982684,12.47658331940792,CDU_CSU,44.86592026455352,LINKE,24.297939332107894
196,16,Sonneberg - Saalfeld-Rudolstadt - Saale-Orla-Kreis,143863,59153,28521,0,3279,37908,5674,9328,41.117591041476956,19.825111390698094,0,2.279251788159568,26.350069163023154,3.944030084177307,6.483946532464914,CDU_CSU,41.117591041476956,LINKE,26.350069163023154
197,16,Suhl - Schmalkalden-Meiningen - Hildburghausen,128532,53979,23519,0,1792,35147,3704,10391,41.99654560731958,18.298166993433544,0,1.394205334080229,27.344941337565743,2.8817726324961876,8.084368095104722,CDU_CSU,41.99654560731958,LINKE,27.344941337565743
